Actual BA,Predicted BA
0.326,0.39207359958654714
0.251,0.31358721822465685
0.25,0.20371262393559683
0.317,0.4185355339869483
